Fecha;Número;Serie;Loteria
viernes 30 octubre 2020;2836;328;Medellin
viernes 23 octubre 2020;7309;3;Medellin
viernes 16 octubre 2020;3045;120;Medellin
viernes 09 octubre 2020;4439;35;Medellin
viernes 02 octubre 2020;9606;169;Medellin
viernes 25 septiembre 2020;9055;46;Medellin
viernes 18 septiembre 2020;7498;32;Medellin
viernes 11 septiembre 2020;9315;134;Medellin
viernes 04 septiembre 2020;8508;211;Medellin
viernes 28 agosto 2020;2613;12;Medellin
viernes 21 agosto 2020;828;174;Medellin
viernes 14 agosto 2020;6143;20;Medellin
sábado 08 agosto 2020;8984;66;Medellin
viernes 31 julio 2020;4901;238;Medellin
viernes 24 julio 2020;3363;299;Medellin
viernes 17 julio 2020;9879;69;Medellin
viernes 10 julio 2020;7424;164;Medellin
viernes 03 julio 2020;7767;124;Medellin
viernes 26 junio 2020;8039;166;Medellin
viernes 19 junio 2020;6537;54;Medellin
viernes 12 junio 2020;2312;126;Medellin
viernes 05 junio 2020;1560;30;Medellin
viernes 29 mayo 2020;5044;119;Medellin
viernes 22 mayo 2020;9383;174;Medellin
viernes 15 mayo 2020;211;8;Medellin
viernes 20 marzo 2020;9358;47;Medellin
viernes 13 marzo 2020;4702;318;Medellin
viernes 06 marzo 2020;7636;221;Medellin
viernes 28 febrero 2020;6798;266;Medellin
viernes 21 febrero 2020;1972;277;Medellin
viernes 14 febrero 2020;9019;334;Medellin
viernes 07 febrero 2020;2582;42;Medellin
viernes 31 enero 2020;8876;9;Medellin
viernes 24 enero 2020;9171;253;Medellin
viernes 17 enero 2020;3311;191;Medellin
viernes 10 enero 2020;6377;141;Medellin
viernes 03 enero 2020;7384;184;Medellin
viernes 27 diciembre 2019;3097;326;Medellin
viernes 20 diciembre 2019;8899;200;Medellin
viernes 13 diciembre 2019;5479;228;Medellin
viernes 06 diciembre 2019;7060;304;Medellin
viernes 29 noviembre 2019;2222;118;Medellin
viernes 22 noviembre 2019;7852;160;Medellin
viernes 15 noviembre 2019;6283;16;Medellin
viernes 08 noviembre 2019;7667;201;Medellin
viernes 01 noviembre 2019;9061;308;Medellin
viernes 25 octubre 2019;8509;124;Medellin
viernes 18 octubre 2019;6787;139;Medellin
viernes 11 octubre 2019;5797;120;Medellin
viernes 04 octubre 2019;9129;320;Medellin
viernes 27 septiembre 2019;2507;126;Medellin
viernes 20 septiembre 2019;2717;218;Medellin
viernes 13 septiembre 2019;5249;91;Medellin
viernes 06 septiembre 2019;9990;152;Medellin
viernes 30 agosto 2019;2098;308;Medellin
viernes 23 agosto 2019;8456;91;Medellin
viernes 16 agosto 2019;6945;161;Medellin
viernes 09 agosto 2019;5279;214;Medellin
viernes 02 agosto 2019;5240;276;Medellin
viernes 26 julio 2019;5458;304;Medellin
viernes 19 julio 2019;8047;222;Medellin
viernes 12 julio 2019;4916;132;Medellin
viernes 05 julio 2019;1938;257;Medellin
viernes 28 junio 2019;77;13;Medellin
viernes 21 junio 2019;8207;2;Medellin
viernes 14 junio 2019;4726;35;Medellin
viernes 07 junio 2019;7852;238;Medellin
viernes 31 mayo 2019;9258;106;Medellin
viernes 24 mayo 2019;3218;59;Medellin
viernes 17 mayo 2019;3590;222;Medellin
viernes 10 mayo 2019;6595;3;Medellin
viernes 03 mayo 2019;1453;61;Medellin
viernes 26 abril 2019;6756;214;Medellin
sábado 20 abril 2019;1931;20;Medellin
viernes 12 abril 2019;9675;274;Medellin
viernes 05 abril 2019;1460;169;Medellin
viernes 29 marzo 2019;4602;311;Medellin
viernes 22 marzo 2019;5514;308;Medellin
viernes 15 marzo 2019;3056;220;Medellin
viernes 08 marzo 2019;9144;14;Medellin
viernes 01 marzo 2019;9502;29;Medellin
viernes 22 febrero 2019;922;304;Medellin
viernes 15 febrero 2019;1803;274;Medellin
viernes 08 febrero 2019;5151;135;Medellin
viernes 01 febrero 2019;4461;98;Medellin
viernes 25 enero 2019;6922;87;Medellin
viernes 18 enero 2019;7765;12;Medellin
viernes 11 enero 2019;1500;330;Medellin
viernes 04 enero 2019;8251;147;Medellin
viernes 28 diciembre 2018;7621;49;Medellin
viernes 21 diciembre 2018;1515;261;Medellin
viernes 14 diciembre 2018;6285;73;Medellin
viernes 07 diciembre 2018;2719;19;Medellin
viernes 30 noviembre 2018;7678;21;Medellin
viernes 23 noviembre 2018;2451;164;Medellin
viernes 16 noviembre 2018;3091;81;Medellin
viernes 09 noviembre 2018;5471;71;Medellin
viernes 02 noviembre 2018;9975;139;Medellin
viernes 26 octubre 2018;4201;295;Medellin
viernes 19 octubre 2018;5840;242;Medellin
lunes 26 octubre 2020;7441;25;Cundinamarca
lunes 19 octubre 2020;7582;50;Cundinamarca
martes 13 octubre 2020;6753;9;Cundinamarca
lunes 05 octubre 2020;3665;190;Cundinamarca
lunes 28 septiembre 2020;3803;123;Cundinamarca
lunes 21 septiembre 2020;2707;92;Cundinamarca
lunes 14 septiembre 2020;615;166;Cundinamarca
lunes 07 septiembre 2020;252;39;Cundinamarca
lunes 31 agosto 2020;4571;47;Cundinamarca
lunes 24 agosto 2020;8709;201;Cundinamarca
martes 18 agosto 2020;7888;156;Cundinamarca
lunes 10 agosto 2020;305;44;Cundinamarca
lunes 03 agosto 2020;430;121;Cundinamarca
lunes 27 julio 2020;3691;201;Cundinamarca
martes 21 julio 2020;3651;102;Cundinamarca
lunes 13 julio 2020;1430;68;Cundinamarca
lunes 06 julio 2020;6559;161;Cundinamarca
martes 30 junio 2020;2852;66;Cundinamarca
martes 23 junio 2020;1883;202;Cundinamarca
martes 16 junio 2020;4999;142;Cundinamarca
lunes 08 junio 2020;5333;118;Cundinamarca
lunes 01 junio 2020;1491;5;Cundinamarca
martes 26 mayo 2020;4410;173;Cundinamarca
lunes 18 mayo 2020;1569;151;Cundinamarca
lunes 11 mayo 2020;4682;151;Cundinamarca
lunes 16 marzo 2020;9131;101;Cundinamarca
lunes 09 marzo 2020;4008;9;Cundinamarca
lunes 02 marzo 2020;6607;162;Cundinamarca
lunes 24 febrero 2020;4787;212;Cundinamarca
lunes 17 febrero 2020;6405;174;Cundinamarca
lunes 10 febrero 2020;1422;122;Cundinamarca
lunes 03 febrero 2020;1820;98;Cundinamarca
lunes 27 enero 2020;254;55;Cundinamarca
lunes 20 enero 2020;6661;179;Cundinamarca
lunes 13 enero 2020;6368;173;Cundinamarca
martes 07 enero 2020;7207;115;Cundinamarca
lunes 30 diciembre 2019;9350;222;Cundinamarca
lunes 23 diciembre 2019;7987;35;Cundinamarca
lunes 16 diciembre 2019;8518;0;Cundinamarca
lunes 09 diciembre 2019;2438;187;Cundinamarca
lunes 02 diciembre 2019;3700;180;Cundinamarca
lunes 25 noviembre 2019;70;29;Cundinamarca
lunes 18 noviembre 2019;4748;105;Cundinamarca
martes 12 noviembre 2019;2529;38;Cundinamarca
martes 05 noviembre 2019;7615;213;Cundinamarca
lunes 28 octubre 2019;2342;34;Cundinamarca
lunes 21 octubre 2019;3513;134;Cundinamarca
martes 15 octubre 2019;2455;33;Cundinamarca
lunes 07 octubre 2019;6753;222;Cundinamarca
lunes 30 septiembre 2019;3083;18;Cundinamarca
lunes 23 septiembre 2019;7811;158;Cundinamarca
lunes 16 septiembre 2019;6704;4;Cundinamarca
lunes 09 septiembre 2019;3968;29;Cundinamarca
lunes 02 septiembre 2019;7954;198;Cundinamarca
lunes 26 agosto 2019;8950;132;Cundinamarca
martes 20 agosto 2019;243;78;Cundinamarca
lunes 12 agosto 2019;7257;11;Cundinamarca
lunes 05 agosto 2019;1377;86;Cundinamarca
lunes 29 julio 2019;7762;21;Cundinamarca
lunes 22 julio 2019;6221;38;Cundinamarca
lunes 15 julio 2019;988;70;Cundinamarca
lunes 08 julio 2019;49;25;Cundinamarca
martes 02 julio 2019;7042;171;Cundinamarca
martes 25 junio 2019;7114;47;Cundinamarca
lunes 17 junio 2019;6491;208;Cundinamarca
lunes 10 junio 2019;5143;34;Cundinamarca
martes 04 junio 2019;1934;107;Cundinamarca
lunes 27 mayo 2019;2581;135;Cundinamarca
lunes 20 mayo 2019;9284;6;Cundinamarca
lunes 13 mayo 2019;8772;78;Cundinamarca
lunes 06 mayo 2019;3959;190;Cundinamarca
lunes 29 abril 2019;6100;153;Cundinamarca
lunes 22 abril 2019;7709;40;Cundinamarca
lunes 15 abril 2019;5317;130;Cundinamarca
lunes 08 abril 2019;4864;44;Cundinamarca
lunes 01 abril 2019;6752;13;Cundinamarca
martes 26 marzo 2019;4984;30;Cundinamarca
lunes 18 marzo 2019;3274;50;Cundinamarca
lunes 11 marzo 2019;4489;122;Cundinamarca
lunes 04 marzo 2019;2156;205;Cundinamarca
lunes 25 febrero 2019;7210;184;Cundinamarca
lunes 18 febrero 2019;7852;203;Cundinamarca
lunes 11 febrero 2019;4498;227;Cundinamarca
lunes 04 febrero 2019;9949;179;Cundinamarca
lunes 28 enero 2019;584;88;Cundinamarca
lunes 21 enero 2019;7533;26;Cundinamarca
lunes 14 enero 2019;6956;82;Cundinamarca
martes 08 enero 2019;303;92;Cundinamarca
lunes 31 diciembre 2018;7433;3;Cundinamarca
lunes 24 diciembre 2018;6997;152;Cundinamarca
lunes 17 diciembre 2018;1966;194;Cundinamarca
lunes 10 diciembre 2018;5719;173;Cundinamarca
lunes 03 diciembre 2018;4475;82;Cundinamarca
lunes 26 noviembre 2018;9323;90;Cundinamarca
lunes 19 noviembre 2018;5186;153;Cundinamarca
martes 13 noviembre 2018;7200;21;Cundinamarca
martes 06 noviembre 2018;2687;185;Cundinamarca
lunes 29 octubre 2018;2790;71;Cundinamarca
lunes 22 octubre 2018;4598;112;Cundinamarca
martes 16 octubre 2018;5508;14;Cundinamarca
martes 27 octubre 2020;3299;83;Cruz Roja
martes 20 octubre 2020;7589;208;Cruz Roja
martes 13 octubre 2020;598;47;Cruz Roja
martes 06 octubre 2020;1639;33;Cruz Roja
martes 29 septiembre 2020;4460;92;Cruz Roja
martes 22 septiembre 2020;2431;242;Cruz Roja
martes 15 septiembre 2020;8672;167;Cruz Roja
martes 08 septiembre 2020;9894;208;Cruz Roja
martes 01 septiembre 2020;5737;122;Cruz Roja
martes 25 agosto 2020;4699;112;Cruz Roja
martes 18 agosto 2020;4504;68;Cruz Roja
martes 11 agosto 2020;3466;182;Cruz Roja
martes 04 agosto 2020;2026;210;Cruz Roja
martes 28 julio 2020;6990;81;Cruz Roja
martes 21 julio 2020;2052;111;Cruz Roja
martes 14 julio 2020;7661;168;Cruz Roja
martes 07 julio 2020;8179;99;Cruz Roja
martes 30 junio 2020;9786;16;Cruz Roja
martes 23 junio 2020;6433;243;Cruz Roja
martes 16 junio 2020;2400;206;Cruz Roja
martes 09 junio 2020;57;150;Cruz Roja
martes 02 junio 2020;7090;201;Cruz Roja
martes 26 mayo 2020;7397;182;Cruz Roja
martes 19 mayo 2020;8816;56;Cruz Roja
martes 12 mayo 2020;7612;239;Cruz Roja
martes 17 marzo 2020;2529;78;Cruz Roja
martes 10 marzo 2020;6052;214;Cruz Roja
martes 03 marzo 2020;1032;74;Cruz Roja
martes 25 febrero 2020;5841;225;Cruz Roja
martes 18 febrero 2020;9854;256;Cruz Roja
martes 11 febrero 2020;2614;68;Cruz Roja
martes 04 febrero 2020;1068;85;Cruz Roja
martes 28 enero 2020;2773;184;Cruz Roja
martes 21 enero 2020;2977;174;Cruz Roja
martes 14 enero 2020;5872;175;Cruz Roja
martes 07 enero 2020;3069;130;Cruz Roja
martes 31 diciembre 2019;3534;4;Cruz Roja
martes 24 diciembre 2019;7559;150;Cruz Roja
martes 17 diciembre 2019;3340;156;Cruz Roja
martes 10 diciembre 2019;6088;59;Cruz Roja
martes 03 diciembre 2019;7880;196;Cruz Roja
martes 26 noviembre 2019;9015;60;Cruz Roja
martes 19 noviembre 2019;235;185;Cruz Roja
martes 12 noviembre 2019;7066;7;Cruz Roja
martes 05 noviembre 2019;2108;109;Cruz Roja
martes 29 octubre 2019;6573;37;Cruz Roja
martes 22 octubre 2019;548;52;Cruz Roja
martes 15 octubre 2019;1950;191;Cruz Roja
martes 08 octubre 2019;7307;188;Cruz Roja
martes 01 octubre 2019;8105;254;Cruz Roja
martes 24 septiembre 2019;42;178;Cruz Roja
martes 17 septiembre 2019;8007;184;Cruz Roja
martes 10 septiembre 2019;9954;153;Cruz Roja
martes 03 septiembre 2019;7782;90;Cruz Roja
martes 27 agosto 2019;1949;35;Cruz Roja
martes 20 agosto 2019;5785;170;Cruz Roja
martes 13 agosto 2019;4327;68;Cruz Roja
martes 06 agosto 2019;2897;11;Cruz Roja
martes 30 julio 2019;5090;129;Cruz Roja
martes 23 julio 2019;526;214;Cruz Roja
martes 16 julio 2019;1776;175;Cruz Roja
martes 09 julio 2019;9116;46;Cruz Roja
martes 02 julio 2019;5061;238;Cruz Roja
martes 25 junio 2019;3953;236;Cruz Roja
martes 18 junio 2019;5369;258;Cruz Roja
martes 11 junio 2019;6791;168;Cruz Roja
martes 04 junio 2019;268;236;Cruz Roja
martes 28 mayo 2019;758;23;Cruz Roja
martes 21 mayo 2019;1427;103;Cruz Roja
martes 14 mayo 2019;4745;60;Cruz Roja
martes 07 mayo 2019;1921;169;Cruz Roja
martes 30 abril 2019;4138;230;Cruz Roja
martes 23 abril 2019;8167;155;Cruz Roja
martes 16 abril 2019;9185;211;Cruz Roja
martes 09 abril 2019;6935;139;Cruz Roja
martes 02 abril 2019;3475;68;Cruz Roja
martes 26 marzo 2019;6514;107;Cruz Roja
martes 19 marzo 2019;2002;151;Cruz Roja
martes 12 marzo 2019;6501;120;Cruz Roja
martes 05 marzo 2019;1396;65;Cruz Roja
martes 26 febrero 2019;6025;64;Cruz Roja
martes 19 febrero 2019;8476;201;Cruz Roja
martes 12 febrero 2019;9454;63;Cruz Roja
martes 05 febrero 2019;9381;60;Cruz Roja
martes 29 enero 2019;5311;77;Cruz Roja
martes 22 enero 2019;7157;229;Cruz Roja
martes 15 enero 2019;8373;106;Cruz Roja
martes 08 enero 2019;5442;48;Cruz Roja
miércoles 02 enero 2019;6907;233;Cruz Roja
jueves 27 diciembre 2018;2983;148;Cruz Roja
martes 18 diciembre 2018;6338;126;Cruz Roja
martes 11 diciembre 2018;5931;113;Cruz Roja
martes 04 diciembre 2018;9577;94;Cruz Roja
martes 27 noviembre 2018;6867;186;Cruz Roja
martes 20 noviembre 2018;4010;94;Cruz Roja
martes 13 noviembre 2018;2126;182;Cruz Roja
martes 06 noviembre 2018;8568;147;Cruz Roja
martes 30 octubre 2018;66;0;Cruz Roja
martes 23 octubre 2018;8764;224;Cruz Roja
martes 16 octubre 2018;447;87;Cruz Roja
miércoles 28 octubre 2020;3954;19;Valle
miércoles 21 octubre 2020;2104;131;Valle
miércoles 14 octubre 2020;2472;232;Valle
miércoles 07 octubre 2020;6481;92;Valle
miércoles 30 septiembre 2020;1667;130;Valle
miércoles 23 septiembre 2020;5328;168;Valle
miércoles 16 septiembre 2020;1583;117;Valle
miércoles 09 septiembre 2020;2603;136;Valle
miércoles 02 septiembre 2020;419;170;Valle
miércoles 26 agosto 2020;2620;99;Valle
miércoles 19 agosto 2020;6742;207;Valle
miércoles 12 agosto 2020;1087;33;Valle
miércoles 05 agosto 2020;8288;60;Valle
miércoles 29 julio 2020;6264;57;Valle
miércoles 22 julio 2020;6845;242;Valle
miércoles 15 julio 2020;9215;234;Valle
miércoles 08 julio 2020;780;155;Valle
miércoles 01 julio 2020;5956;223;Valle
miércoles 24 junio 2020;8962;115;Valle
miércoles 17 junio 2020;5800;161;Valle
miércoles 10 junio 2020;2897;136;Valle
miércoles 03 junio 2020;5680;130;Valle
miércoles 27 mayo 2020;8109;171;Valle
miércoles 20 mayo 2020;9708;51;Valle
miércoles 13 mayo 2020;8361;147;Valle
miércoles 18 marzo 2020;8816;153;Valle
miércoles 11 marzo 2020;2074;195;Valle
miércoles 04 marzo 2020;5778;157;Valle
miércoles 26 febrero 2020;8676;78;Valle
miércoles 19 febrero 2020;1532;186;Valle
miércoles 12 febrero 2020;6468;150;Valle
miércoles 05 febrero 2020;8713;139;Valle
miércoles 29 enero 2020;1614;32;Valle
miércoles 22 enero 2020;4432;213;Valle
miércoles 15 enero 2020;8484;226;Valle
miércoles 08 enero 2020;1998;239;Valle
jueves 02 enero 2020;465;114;Valle
jueves 26 diciembre 2019;7262;3;Valle
miércoles 18 diciembre 2019;1946;82;Valle
miércoles 11 diciembre 2019;9589;5;Valle
miércoles 04 diciembre 2019;5683;180;Valle
miércoles 27 noviembre 2019;166;146;Valle
miércoles 20 noviembre 2019;7856;70;Valle
miércoles 13 noviembre 2019;1169;235;Valle
miércoles 06 noviembre 2019;193;219;Valle
miércoles 30 octubre 2019;5623;104;Valle
miércoles 23 octubre 2019;9119;183;Valle
miércoles 16 octubre 2019;683;23;Valle
miércoles 09 octubre 2019;1094;37;Valle
miércoles 02 octubre 2019;9309;66;Valle
miércoles 25 septiembre 2019;6010;95;Valle
miércoles 18 septiembre 2019;473;230;Valle
miércoles 11 septiembre 2019;3732;102;Valle
miércoles 04 septiembre 2019;2414;137;Valle
miércoles 28 agosto 2019;4946;127;Valle
miércoles 21 agosto 2019;6543;6;Valle
miércoles 14 agosto 2019;3527;29;Valle
jueves 08 agosto 2019;1821;231;Valle
miércoles 31 julio 2019;605;31;Valle
miércoles 24 julio 2019;4377;136;Valle
miércoles 17 julio 2019;3429;13;Valle
miércoles 10 julio 2019;7467;196;Valle
miércoles 03 julio 2019;5440;164;Valle
miércoles 26 junio 2019;7838;66;Valle
miércoles 19 junio 2019;7740;179;Valle
miércoles 12 junio 2019;8806;92;Valle
miércoles 05 junio 2019;2012;128;Valle
miércoles 29 mayo 2019;7123;200;Valle
miércoles 22 mayo 2019;5241;114;Valle
miércoles 15 mayo 2019;2866;162;Valle
miércoles 08 mayo 2019;1720;44;Valle
jueves 02 mayo 2019;8760;217;Valle
miércoles 24 abril 2019;5335;238;Valle
miércoles 17 abril 2019;8344;96;Valle
miércoles 10 abril 2019;8263;18;Valle
miércoles 03 abril 2019;1291;24;Valle
miércoles 27 marzo 2019;1747;214;Valle
miércoles 20 marzo 2019;8755;49;Valle
miércoles 13 marzo 2019;1405;226;Valle
miércoles 06 marzo 2019;9563;231;Valle
miércoles 27 febrero 2019;77;124;Valle
miércoles 20 febrero 2019;5149;199;Valle
miércoles 13 febrero 2019;6954;135;Valle
miércoles 06 febrero 2019;2403;33;Valle
miércoles 30 enero 2019;9098;203;Valle
miércoles 23 enero 2019;5775;189;Valle
miércoles 16 enero 2019;9560;120;Valle
miércoles 09 enero 2019;2555;37;Valle
miércoles 02 enero 2019;2520;213;Valle
miércoles 26 diciembre 2018;1449;149;Valle
miércoles 19 diciembre 2018;1511;246;Valle
miércoles 12 diciembre 2018;9797;42;Valle
miércoles 05 diciembre 2018;1544;65;Valle
miércoles 28 noviembre 2018;1803;147;Valle
miércoles 21 noviembre 2018;5664;168;Valle
miércoles 14 noviembre 2018;5707;236;Valle
miércoles 07 noviembre 2018;9774;125;Valle
miércoles 31 octubre 2018;189;211;Valle
miércoles 24 octubre 2018;2743;116;Valle
miércoles 17 octubre 2018;214;69;Valle
jueves 29 octubre 2020;2727;387;Bogotá
jueves 22 octubre 2020;1792;337;Bogotá
jueves 15 octubre 2020;4579;261;Bogotá
jueves 08 octubre 2020;1289;389;Bogotá
jueves 01 octubre 2020;9730;178;Bogotá
jueves 24 septiembre 2020;4330;40;Bogotá
jueves 17 septiembre 2020;142;294;Bogotá
jueves 10 septiembre 2020;4140;363;Bogotá
jueves 03 septiembre 2020;4508;118;Bogotá
jueves 27 agosto 2020;4106;235;Bogotá
jueves 20 agosto 2020;4503;196;Bogotá
jueves 13 agosto 2020;9095;249;Bogotá
jueves 06 agosto 2020;1379;288;Bogotá
jueves 30 julio 2020;5068;395;Bogotá
jueves 23 julio 2020;5717;76;Bogotá
jueves 16 julio 2020;2584;261;Bogotá
jueves 09 julio 2020;3182;344;Bogotá
jueves 02 julio 2020;157;361;Bogotá
jueves 25 junio 2020;8631;187;Bogotá
jueves 18 junio 2020;7507;287;Bogotá
jueves 11 junio 2020;7364;212;Bogotá
jueves 04 junio 2020;4561;198;Bogotá
jueves 28 mayo 2020;7317;255;Bogotá
jueves 21 mayo 2020;4567;153;Bogotá
jueves 14 mayo 2020;4978;69;Bogotá
jueves 19 marzo 2020;4154;265;Bogotá
jueves 12 marzo 2020;9060;77;Bogotá
jueves 05 marzo 2020;6318;327;Bogotá
jueves 27 febrero 2020;1484;68;Bogotá
jueves 20 febrero 2020;8573;176;Bogotá
jueves 13 febrero 2020;9159;109;Bogotá
jueves 06 febrero 2020;2655;291;Bogotá
jueves 30 enero 2020;5501;32;Bogotá
jueves 23 enero 2020;4949;364;Bogotá
jueves 16 enero 2020;1397;204;Bogotá
jueves 09 enero 2020;8941;341;Bogotá
jueves 02 enero 2020;9257;71;Bogotá
jueves 26 diciembre 2019;2343;50;Bogotá
jueves 19 diciembre 2019;2354;182;Bogotá
jueves 12 diciembre 2019;9988;45;Bogotá
jueves 05 diciembre 2019;8757;9;Bogotá
jueves 28 noviembre 2019;1256;131;Bogotá
jueves 21 noviembre 2019;7824;354;Bogotá
jueves 14 noviembre 2019;2846;55;Bogotá
jueves 07 noviembre 2019;6936;381;Bogotá
jueves 31 octubre 2019;2240;58;Bogotá
jueves 24 octubre 2019;3059;30;Bogotá
jueves 17 octubre 2019;3654;86;Bogotá
jueves 10 octubre 2019;4765;108;Bogotá
jueves 03 octubre 2019;2050;164;Bogotá
jueves 26 septiembre 2019;5536;384;Bogotá
jueves 19 septiembre 2019;4886;278;Bogotá
jueves 12 septiembre 2019;9442;117;Bogotá
jueves 05 septiembre 2019;7555;205;Bogotá
jueves 29 agosto 2019;588;313;Bogotá
jueves 22 agosto 2019;2363;227;Bogotá
jueves 15 agosto 2019;8087;324;Bogotá
jueves 08 agosto 2019;8886;206;Bogotá
jueves 01 agosto 2019;1222;13;Bogotá
jueves 25 julio 2019;886;236;Bogotá
jueves 18 julio 2019;8671;25;Bogotá
jueves 11 julio 2019;1612;90;Bogotá
jueves 04 julio 2019;7767;46;Bogotá
jueves 27 junio 2019;2204;114;Bogotá
jueves 20 junio 2019;3041;354;Bogotá
jueves 13 junio 2019;5042;377;Bogotá
jueves 06 junio 2019;1466;;Bogotá
jueves 30 mayo 2019;8790;338;Bogotá
jueves 23 mayo 2019;6355;141;Bogotá
jueves 16 mayo 2019;2767;397;Bogotá
jueves 09 mayo 2019;4300;328;Bogotá
jueves 02 mayo 2019;1084;374;Bogotá
jueves 25 abril 2019;3025;62;Bogotá
jueves 11 abril 2019;8041;380;Bogotá
jueves 04 abril 2019;1903;257;Bogotá
jueves 28 marzo 2019;6423;165;Bogotá
jueves 21 marzo 2019;1538;186;Bogotá
jueves 14 marzo 2019;8243;81;Bogotá
jueves 07 marzo 2019;407;123;Bogotá
jueves 28 febrero 2019;6165;115;Bogotá
jueves 21 febrero 2019;8526;8;Bogotá
jueves 14 febrero 2019;2709;397;Bogotá
jueves 07 febrero 2019;1524;81;Bogotá
jueves 31 enero 2019;2701;109;Bogotá
jueves 24 enero 2019;7075;368;Bogotá
jueves 17 enero 2019;9116;344;Bogotá
jueves 10 enero 2019;847;14;Bogotá
jueves 03 enero 2019;3508;149;Bogotá
jueves 27 diciembre 2018;6774;232;Bogotá
jueves 20 diciembre 2018;1122;72;Bogotá
jueves 13 diciembre 2018;1242;341;Bogotá
jueves 06 diciembre 2018;3007;77;Bogotá
jueves 29 noviembre 2018;2509;279;Bogotá
jueves 22 noviembre 2018;9878;6;Bogotá
jueves 15 noviembre 2018;3785;211;Bogotá
jueves 08 noviembre 2018;6126;241;Bogotá
jueves 01 noviembre 2018;4712;4;Bogotá
jueves 25 octubre 2018;3691;132;Bogotá
jueves 18 octubre 2018;7077;236;Bogotá
jueves 11 octubre 2018;719;252;Bogotá
sábado 31 octubre 2020;871;235;Boyaca
sábado 24 octubre 2020;6376;141;Boyaca
sábado 17 octubre 2020;8045;67;Boyaca
sábado 10 octubre 2020;7221;266;Boyaca
sábado 03 octubre 2020;3373;237;Boyaca
sábado 26 septiembre 2020;2636;385;Boyaca
sábado 19 septiembre 2020;8121;170;Boyaca
sábado 12 septiembre 2020;3210;244;Boyaca
sábado 05 septiembre 2020;9332;69;Boyaca
sábado 29 agosto 2020;6830;333;Boyaca
sábado 22 agosto 2020;6011;158;Boyaca
sábado 15 agosto 2020;7677;360;Boyaca
sábado 08 agosto 2020;4051;317;Boyaca
sábado 01 agosto 2020;2983;389;Boyaca
sábado 25 julio 2020;919;10;Boyaca
sábado 18 julio 2020;3001;148;Boyaca
sábado 11 julio 2020;9449;292;Boyaca
sábado 04 julio 2020;9268;224;Boyaca
sábado 27 junio 2020;7270;124;Boyaca
sábado 20 junio 2020;6153;246;Boyaca
sábado 13 junio 2020;7014;70;Boyaca
sábado 06 junio 2020;414;150;Boyaca
sábado 30 mayo 2020;3810;356;Boyaca
sábado 23 mayo 2020;4096;322;Boyaca
sábado 16 mayo 2020;8117;56;Boyaca
sábado 21 marzo 2020;973;55;Boyaca
sábado 14 marzo 2020;3497;343;Boyaca
sábado 07 marzo 2020;2088;200;Boyaca
sábado 29 febrero 2020;3606;343;Boyaca
sábado 22 febrero 2020;6832;140;Boyaca
sábado 15 febrero 2020;2303;233;Boyaca
sábado 08 febrero 2020;585;162;Boyaca
sábado 01 febrero 2020;2505;343;Boyaca
sábado 25 enero 2020;8081;188;Boyaca
sábado 18 enero 2020;7071;135;Boyaca
sábado 11 enero 2020;3960;197;Boyaca
sábado 04 enero 2020;7297;286;Boyaca
sábado 28 diciembre 2019;3601;274;Boyaca
sábado 21 diciembre 2019;1632;315;Boyaca
sábado 14 diciembre 2019;7130;120;Boyaca
sábado 07 diciembre 2019;8968;257;Boyaca
sábado 30 noviembre 2019;8696;234;Boyaca
sábado 23 noviembre 2019;1629;257;Boyaca
sábado 16 noviembre 2019;236;188;Boyaca
sábado 09 noviembre 2019;8812;359;Boyaca
sábado 02 noviembre 2019;2797;300;Boyaca
sábado 26 octubre 2019;3473;192;Boyaca
sábado 19 octubre 2019;6830;31;Boyaca
sábado 12 octubre 2019;1932;93;Boyaca
sábado 05 octubre 2019;290;48;Boyaca
sábado 28 septiembre 2019;2244;279;Boyaca
sábado 21 septiembre 2019;7678;42;Boyaca
sábado 14 septiembre 2019;2219;296;Boyaca
sábado 07 septiembre 2019;1434;280;Boyaca
sábado 31 agosto 2019;4542;344;Boyaca
sábado 24 agosto 2019;3918;57;Boyaca
sábado 17 agosto 2019;1361;260;Boyaca
sábado 10 agosto 2019;2712;232;Boyaca
sábado 03 agosto 2019;4648;100;Boyaca
sábado 27 julio 2019;6653;282;Boyaca
sábado 20 julio 2019;7799;272;Boyaca
sábado 13 julio 2019;4536;189;Boyaca
sábado 06 julio 2019;6131;368;Boyaca
sábado 29 junio 2019;607;32;Boyaca
sábado 22 junio 2019;1995;265;Boyaca
sábado 15 junio 2019;8569;394;Boyaca
sábado 08 junio 2019;8164;238;Boyaca
sábado 01 junio 2019;902;320;Boyaca
sábado 25 mayo 2019;5300;207;Boyaca
sábado 18 mayo 2019;4244;349;Boyaca
sábado 11 mayo 2019;3306;210;Boyaca
sábado 04 mayo 2019;9904;80;Boyaca
sábado 27 abril 2019;5808;48;Boyaca
sábado 20 abril 2019;2440;378;Boyaca
sábado 13 abril 2019;9601;149;Boyaca
sábado 06 abril 2019;7144;273;Boyaca
sábado 30 marzo 2019;5610;154;Boyaca
sábado 23 marzo 2019;1328;109;Boyaca
sábado 16 marzo 2019;5663;101;Boyaca
sábado 09 marzo 2019;1741;240;Boyaca
sábado 02 marzo 2019;252;110;Boyaca
sábado 23 febrero 2019;6952;115;Boyaca
sábado 16 febrero 2019;8583;247;Boyaca
sábado 09 febrero 2019;5548;128;Boyaca
sábado 02 febrero 2019;7257;102;Boyaca
sábado 26 enero 2019;3571;331;Boyaca
sábado 19 enero 2019;1305;75;Boyaca
sábado 12 enero 2019;8538;264;Boyaca
sábado 05 enero 2019;2159;42;Boyaca
sábado 29 diciembre 2018;9948;108;Boyaca
sábado 22 diciembre 2018;1282;534;Boyaca
sábado 15 diciembre 2018;4037;169;Boyaca
sábado 08 diciembre 2018;4604;311;Boyaca
sábado 01 diciembre 2018;2177;289;Boyaca
sábado 24 noviembre 2018;7530;319;Boyaca
sábado 17 noviembre 2018;7047;26;Boyaca
sábado 10 noviembre 2018;9775;290;Boyaca
sábado 03 noviembre 2018;5623;399;Boyaca
sábado 27 octubre 2018;5171;146;Boyaca
sábado 20 octubre 2018;5138;228;Boyaca
lunes 26 octubre 2020;4958;29;Tolima
lunes 19 octubre 2020;7191;72;Tolima
martes 13 octubre 2020;3833;124;Tolima
lunes 05 octubre 2020;3496;135;Tolima
lunes 28 septiembre 2020;2516;6;Tolima
lunes 21 septiembre 2020;68;143;Tolima
lunes 14 septiembre 2020;4385;119;Tolima
lunes 07 septiembre 2020;6414;27;Tolima
lunes 31 agosto 2020;6761;37;Tolima
lunes 24 agosto 2020;3749;53;Tolima
martes 18 agosto 2020;5932;118;Tolima
lunes 10 agosto 2020;6102;138;Tolima
lunes 03 agosto 2020;9951;21;Tolima
lunes 27 julio 2020;5737;10;Tolima
martes 21 julio 2020;2422;90;Tolima
lunes 13 julio 2020;55;72;Tolima
lunes 06 julio 2020;8946;26;Tolima
martes 30 junio 2020;5977;88;Tolima
martes 23 junio 2020;7087;111;Tolima
martes 16 junio 2020;9546;61;Tolima
lunes 08 junio 2020;7423;132;Tolima
lunes 01 junio 2020;8016;49;Tolima
martes 26 mayo 2020;4316;0;Tolima
lunes 18 mayo 2020;8224;99;Tolima
lunes 11 mayo 2020;5787;103;Tolima
lunes 16 marzo 2020;5592;82;Tolima
lunes 09 marzo 2020;7686;16;Tolima
lunes 02 marzo 2020;5694;147;Tolima
lunes 24 febrero 2020;6278;95;Tolima
lunes 17 febrero 2020;1422;63;Tolima
lunes 10 febrero 2020;4467;59;Tolima
lunes 03 febrero 2020;6135;17;Tolima
lunes 27 enero 2020;2148;136;Tolima
lunes 20 enero 2020;8851;50;Tolima
lunes 13 enero 2020;8233;61;Tolima
martes 07 enero 2020;1239;2;Tolima
lunes 30 diciembre 2019;9510;63;Tolima
lunes 23 diciembre 2019;8266;17;Tolima
lunes 16 diciembre 2019;5490;66;Tolima
lunes 09 diciembre 2019;911;7;Tolima
lunes 02 diciembre 2019;6458;141;Tolima
lunes 25 noviembre 2019;4885;63;Tolima
lunes 18 noviembre 2019;6288;3;Tolima
martes 12 noviembre 2019;4241;50;Tolima
martes 05 noviembre 2019;1881;85;Tolima
lunes 28 octubre 2019;1201;47;Tolima
lunes 21 octubre 2019;2118;142;Tolima
martes 15 octubre 2019;4777;139;Tolima
lunes 07 octubre 2019;8617;78;Tolima
lunes 30 septiembre 2019;189;25;Tolima
lunes 23 septiembre 2019;894;96;Tolima
lunes 16 septiembre 2019;9782;107;Tolima
lunes 09 septiembre 2019;7663;110;Tolima
lunes 02 septiembre 2019;9708;29;Tolima
lunes 26 agosto 2019;9120;9;Tolima
martes 20 agosto 2019;5131;51;Tolima
lunes 12 agosto 2019;2239;57;Tolima
lunes 05 agosto 2019;1116;127;Tolima
lunes 29 julio 2019;1756;47;Tolima
lunes 22 julio 2019;1118;65;Tolima
lunes 15 julio 2019;6477;123;Tolima
lunes 08 julio 2019;6695;49;Tolima
martes 02 julio 2019;9316;106;Tolima
martes 25 junio 2019;2196;132;Tolima
lunes 17 junio 2019;9131;26;Tolima
lunes 10 junio 2019;7735;135;Tolima
martes 04 junio 2019;8953;35;Tolima
lunes 27 mayo 2019;9181;126;Tolima
lunes 20 mayo 2019;8081;11;Tolima
lunes 13 mayo 2019;4018;2;Tolima
lunes 06 mayo 2019;4572;102;Tolima
lunes 29 abril 2019;5422;52;Tolima
lunes 22 abril 2019;5820;68;Tolima
lunes 15 abril 2019;6195;106;Tolima
lunes 08 abril 2019;968;102;Tolima
lunes 01 abril 2019;4628;94;Tolima
martes 26 marzo 2019;1558;115;Tolima
lunes 18 marzo 2019;6896;43;Tolima
lunes 11 marzo 2019;3170;31;Tolima
lunes 04 marzo 2019;3446;57;Tolima
lunes 25 febrero 2019;6014;51;Tolima
lunes 18 febrero 2019;9121;85;Tolima
lunes 11 febrero 2019;3142;0;Tolima
lunes 04 febrero 2019;923;14;Tolima
lunes 28 enero 2019;1478;112;Tolima
lunes 21 enero 2019;501;96;Tolima
lunes 14 enero 2019;8221;7;Tolima
martes 08 enero 2019;5989;24;Tolima
lunes 31 diciembre 2018;5548;53;Tolima
lunes 24 diciembre 2018;1814;41;Tolima
lunes 17 diciembre 2018;4829;9;Tolima
lunes 10 diciembre 2018;6453;95;Tolima
lunes 03 diciembre 2018;5829;93;Tolima
lunes 26 noviembre 2018;2464;102;Tolima
lunes 19 noviembre 2018;8197;13;Tolima
martes 13 noviembre 2018;6688;80;Tolima
martes 06 noviembre 2018;9615;112;Tolima
lunes 29 octubre 2018;591;109;Tolima
lunes 22 octubre 2018;3159;119;Tolima
martes 16 octubre 2018;2014;64;Tolima
martes 27 octubre 2020;5972;128;Huila
martes 20 octubre 2020;5449;121;Huila
martes 13 octubre 2020;2399;51;Huila
martes 06 octubre 2020;4383;123;Huila
martes 29 septiembre 2020;2376;106;Huila
martes 22 septiembre 2020;4780;17;Huila
martes 15 septiembre 2020;9762;45;Huila
martes 08 septiembre 2020;4778;59;Huila
martes 01 septiembre 2020;8944;125;Huila
martes 25 agosto 2020;7017;57;Huila
martes 18 agosto 2020;5625;91;Huila
martes 11 agosto 2020;935;103;Huila
martes 04 agosto 2020;949;23;Huila
martes 28 julio 2020;6484;138;Huila
martes 21 julio 2020;4895;58;Huila
martes 14 julio 2020;4468;99;Huila
martes 07 julio 2020;1479;120;Huila
martes 30 junio 2020;9989;37;Huila
martes 23 junio 2020;7209;87;Huila
martes 16 junio 2020;9032;49;Huila
martes 09 junio 2020;6102;59;Huila
martes 02 junio 2020;6354;70;Huila
martes 26 mayo 2020;4762;3;Huila
martes 19 mayo 2020;8719;82;Huila
martes 12 mayo 2020;3447;14;Huila
martes 17 marzo 2020;9385;98;Huila
martes 10 marzo 2020;8975;108;Huila
martes 03 marzo 2020;934;59;Huila
martes 25 febrero 2020;9862;40;Huila
martes 18 febrero 2020;9310;103;Huila
martes 11 febrero 2020;8689;86;Huila
martes 04 febrero 2020;1397;97;Huila
martes 28 enero 2020;6014;5;Huila
martes 21 enero 2020;4559;61;Huila
martes 14 enero 2020;6315;92;Huila
martes 07 enero 2020;505;2;Huila
martes 31 diciembre 2019;8466;63;Huila
martes 24 diciembre 2019;4607;99;Huila
martes 17 diciembre 2019;3758;23;Huila
martes 10 diciembre 2019;8153;5;Huila
martes 03 diciembre 2019;4519;16;Huila
martes 26 noviembre 2019;1361;50;Huila
martes 19 noviembre 2019;9884;84;Huila
martes 12 noviembre 2019;1707;52;Huila
martes 05 noviembre 2019;4962;23;Huila
martes 29 octubre 2019;3106;6;Huila
martes 22 octubre 2019;2075;34;Huila
martes 15 octubre 2019;3126;123;Huila
martes 08 octubre 2019;7016;76;Huila
martes 01 octubre 2019;4299;74;Huila
martes 24 septiembre 2019;6791;74;Huila
martes 17 septiembre 2019;3784;110;Huila
martes 10 septiembre 2019;8998;136;Huila
martes 03 septiembre 2019;2058;3;Huila
martes 27 agosto 2019;4091;96;Huila
martes 20 agosto 2019;7561;91;Huila
martes 13 agosto 2019;9540;122;Huila
martes 06 agosto 2019;3184;3;Huila
martes 30 julio 2019;2877;16;Huila
martes 23 julio 2019;6868;7;Huila
martes 16 julio 2019;8747;58;Huila
martes 09 julio 2019;632;33;Huila
martes 02 julio 2019;3527;123;Huila
martes 25 junio 2019;2091;17;Huila
martes 18 junio 2019;3419;19;Huila
martes 11 junio 2019;4862;58;Huila
martes 04 junio 2019;3710;17;Huila
martes 28 mayo 2019;8219;110;Huila
martes 21 mayo 2019;6516;33;Huila
martes 14 mayo 2019;9065;1;Huila
martes 07 mayo 2019;2361;55;Huila
martes 30 abril 2019;2824;119;Huila
martes 23 abril 2019;671;135;Huila
martes 16 abril 2019;3428;136;Huila
martes 09 abril 2019;7437;43;Huila
martes 02 abril 2019;3388;10;Huila
martes 26 marzo 2019;8491;117;Huila
martes 19 marzo 2019;2820;84;Huila
martes 12 marzo 2019;2323;7;Huila
martes 05 marzo 2019;9393;44;Huila
martes 26 febrero 2019;4561;24;Huila
martes 19 febrero 2019;4177;18;Huila
martes 12 febrero 2019;1465;1;Huila
martes 05 febrero 2019;8307;66;Huila
martes 29 enero 2019;231;53;Huila
martes 22 enero 2019;3498;41;Huila
martes 15 enero 2019;6366;21;Huila
martes 08 enero 2019;1219;97;Huila
lunes 31 diciembre 2018;6864;47;Huila
lunes 24 diciembre 2018;1810;85;Huila
martes 18 diciembre 2018;4110;83;Huila
martes 11 diciembre 2018;7278;38;Huila
martes 04 diciembre 2018;9462;87;Huila
martes 27 noviembre 2018;8604;76;Huila
martes 20 noviembre 2018;5725;61;Huila
martes 13 noviembre 2018;2294;73;Huila
martes 06 noviembre 2018;8042;124;Huila
martes 30 octubre 2018;76;95;Huila
martes 23 octubre 2018;7137;135;Huila
martes 16 octubre 2018;2206;6;Huila
miércoles 28 octubre 2020;3580;42;Meta
miércoles 21 octubre 2020;1144;44;Meta
miércoles 14 octubre 2020;7325;79;Meta
miércoles 07 octubre 2020;3346;129;Meta
miércoles 30 septiembre 2020;5023;126;Meta
miércoles 23 septiembre 2020;7629;40;Meta
miércoles 16 septiembre 2020;8694;126;Meta
miércoles 09 septiembre 2020;592;44;Meta
miércoles 02 septiembre 2020;4244;114;Meta
miércoles 26 agosto 2020;3264;8;Meta
miércoles 19 agosto 2020;3663;64;Meta
miércoles 12 agosto 2020;1181;107;Meta
miércoles 05 agosto 2020;5520;40;Meta
miércoles 29 julio 2020;6636;46;Meta
miércoles 22 julio 2020;3745;18;Meta
miércoles 15 julio 2020;5582;3;Meta
miércoles 08 julio 2020;5201;120;Meta
miércoles 01 julio 2020;9774;0;Meta
miércoles 24 junio 2020;2495;18;Meta
miércoles 17 junio 2020;2151;44;Meta
miércoles 10 junio 2020;3757;43;Meta
miércoles 03 junio 2020;1390;88;Meta
miércoles 27 mayo 2020;376;14;Meta
miércoles 20 mayo 2020;3395;105;Meta
miércoles 13 mayo 2020;7537;42;Meta
miércoles 18 marzo 2020;9285;129;Meta
miércoles 11 marzo 2020;9768;20;Meta
miércoles 04 marzo 2020;7461;109;Meta
miércoles 26 febrero 2020;9429;127;Meta
miércoles 19 febrero 2020;9162;40;Meta
miércoles 12 febrero 2020;1470;27;Meta
miércoles 05 febrero 2020;6911;125;Meta
miércoles 29 enero 2020;4885;85;Meta
miércoles 22 enero 2020;9406;77;Meta
miércoles 15 enero 2020;8367;74;Meta
miércoles 08 enero 2020;564;65;Meta
jueves 02 enero 2020;2297;89;Meta
jueves 26 diciembre 2019;2624;16;Meta
miércoles 18 diciembre 2019;9849;33;Meta
miércoles 11 diciembre 2019;1936;28;Meta
miércoles 04 diciembre 2019;7831;22;Meta
miércoles 27 noviembre 2019;6488;15;Meta
miércoles 20 noviembre 2019;1282;76;Meta
miércoles 13 noviembre 2019;1977;118;Meta
miércoles 06 noviembre 2019;4924;96;Meta
miércoles 30 octubre 2019;6977;27;Meta
miércoles 23 octubre 2019;8310;102;Meta
miércoles 16 octubre 2019;51;43;Meta
miércoles 09 octubre 2019;9325;63;Meta
miércoles 02 octubre 2019;3307;99;Meta
miércoles 25 septiembre 2019;4341;75;Meta
miércoles 18 septiembre 2019;9145;58;Meta
miércoles 11 septiembre 2019;7120;30;Meta
miércoles 04 septiembre 2019;3850;36;Meta
miércoles 28 agosto 2019;6033;124;Meta
miércoles 21 agosto 2019;4170;58;Meta
miércoles 14 agosto 2019;4051;2;Meta
jueves 08 agosto 2019;9396;102;Meta
miércoles 31 julio 2019;704;96;Meta
miércoles 24 julio 2019;7536;120;Meta
miércoles 17 julio 2019;9147;81;Meta
miércoles 10 julio 2019;5011;56;Meta
miércoles 03 julio 2019;1760;51;Meta
miércoles 26 junio 2019;2867;128;Meta
miércoles 19 junio 2019;5605;129;Meta
miércoles 12 junio 2019;6414;99;Meta
miércoles 05 junio 2019;212;49;Meta
miércoles 29 mayo 2019;6038;67;Meta
miércoles 22 mayo 2019;1545;56;Meta
miércoles 15 mayo 2019;7634;76;Meta
miércoles 08 mayo 2019;864;108;Meta
jueves 02 mayo 2019;646;93;Meta
miércoles 24 abril 2019;7736;79;Meta
miércoles 17 abril 2019;5705;54;Meta
miércoles 10 abril 2019;6941;125;Meta
miércoles 03 abril 2019;6934;80;Meta
miércoles 27 marzo 2019;2208;111;Meta
miércoles 20 marzo 2019;2506;36;Meta
miércoles 13 marzo 2019;5771;113;Meta
miércoles 06 marzo 2019;9474;82;Meta
miércoles 27 febrero 2019;1318;111;Meta
miércoles 20 febrero 2019;1817;88;Meta
miércoles 13 febrero 2019;8154;66;Meta
miércoles 06 febrero 2019;6494;42;Meta
miércoles 30 enero 2019;6327;79;Meta
miércoles 23 enero 2019;1620;5;Meta
miércoles 16 enero 2019;9508;49;Meta
miércoles 09 enero 2019;4076;40;Meta
miércoles 02 enero 2019;1502;121;Meta
miércoles 26 diciembre 2018;1548;58;Meta
miércoles 19 diciembre 2018;7008;4;Meta
miércoles 12 diciembre 2018;5129;50;Meta
miércoles 05 diciembre 2018;7649;81;Meta
miércoles 28 noviembre 2018;5404;2;Meta
miércoles 21 noviembre 2018;292;90;Meta
miércoles 14 noviembre 2018;668;58;Meta
miércoles 07 noviembre 2018;7793;42;Meta
miércoles 31 octubre 2018;7812;0;Meta
miércoles 24 octubre 2018;701;2;Meta
miércoles 17 octubre 2018;9437;44;Meta
miércoles 28 octubre 2020;8481;45;Manizzles
miércoles 21 octubre 2020;8652;137;Manizzles
miércoles 14 octubre 2020;1035;56;Manizzles
miércoles 07 octubre 2020;1696;46;Manizzles
miércoles 30 septiembre 2020;4497;99;Manizzles
miércoles 23 septiembre 2020;2368;84;Manizzles
miércoles 16 septiembre 2020;4071;110;Manizzles
miércoles 09 septiembre 2020;5953;91;Manizzles
miércoles 02 septiembre 2020;7217;21;Manizzles
miércoles 26 agosto 2020;1;104;Manizzles
miércoles 19 agosto 2020;7277;143;Manizzles
miércoles 12 agosto 2020;5713;69;Manizzles
miércoles 05 agosto 2020;990;9;Manizzles
miércoles 29 julio 2020;4516;150;Manizzles
miércoles 22 julio 2020;4601;61;Manizzles
miércoles 15 julio 2020;4204;58;Manizzles
miércoles 08 julio 2020;7498;95;Manizzles
miércoles 01 julio 2020;7055;173;Manizzles
miércoles 24 junio 2020;1967;195;Manizzles
miércoles 17 junio 2020;8772;62;Manizzles
miércoles 10 junio 2020;1363;110;Manizzles
miércoles 03 junio 2020;9494;86;Manizzles
miércoles 27 mayo 2020;6819;54;Manizzles
miércoles 20 mayo 2020;1021;168;Manizzles
miércoles 13 mayo 2020;6926;5;Manizzles
miércoles 18 marzo 2020;117;172;Manizzles
miércoles 11 marzo 2020;9316;185;Manizzles
miércoles 04 marzo 2020;9521;76;Manizzles
miércoles 26 febrero 2020;4264;37;Manizzles
miércoles 19 febrero 2020;5820;149;Manizzles
miércoles 12 febrero 2020;1486;130;Manizzles
miércoles 05 febrero 2020;8805;98;Manizzles
miércoles 29 enero 2020;6780;43;Manizzles
miércoles 22 enero 2020;1483;10;Manizzles
miércoles 15 enero 2020;4806;74;Manizzles
miércoles 08 enero 2020;2637;193;Manizzles
jueves 02 enero 2020;2906;101;Manizzles
lunes 23 diciembre 2019;1135;188;Manizzles
miércoles 18 diciembre 2019;7762;168;Manizzles
miércoles 11 diciembre 2019;984;61;Manizzles
miércoles 04 diciembre 2019;3344;94;Manizzles
miércoles 27 noviembre 2019;2125;183;Manizzles
miércoles 20 noviembre 2019;6143;132;Manizzles
miércoles 13 noviembre 2019;8109;191;Manizzles
miércoles 06 noviembre 2019;6037;11;Manizzles
miércoles 30 octubre 2019;7200;10;Manizzles
miércoles 23 octubre 2019;9656;81;Manizzles
miércoles 16 octubre 2019;3885;156;Manizzles
miércoles 09 octubre 2019;9970;147;Manizzles
miércoles 02 octubre 2019;7513;82;Manizzles
miércoles 25 septiembre 2019;5096;127;Manizzles
miércoles 18 septiembre 2019;5829;51;Manizzles
miércoles 11 septiembre 2019;2989;56;Manizzles
miércoles 04 septiembre 2019;8313;4;Manizzles
miércoles 28 agosto 2019;872;46;Manizzles
miércoles 21 agosto 2019;4193;51;Manizzles
miércoles 14 agosto 2019;6312;111;Manizzles
martes 06 agosto 2019;2652;37;Manizzles
miércoles 31 julio 2019;8380;53;Manizzles
miércoles 24 julio 2019;1097;191;Manizzles
miércoles 17 julio 2019;9768;198;Manizzles
miércoles 10 julio 2019;469;185;Manizzles
miércoles 03 julio 2019;7716;30;Manizzles
miércoles 26 junio 2019;8889;188;Manizzles
miércoles 19 junio 2019;1964;36;Manizzles
miércoles 12 junio 2019;4455;137;Manizzles
miércoles 05 junio 2019;4554;123;Manizzles
miércoles 29 mayo 2019;3366;107;Manizzles
miércoles 22 mayo 2019;2314;85;Manizzles
miércoles 15 mayo 2019;5355;168;Manizzles
miércoles 08 mayo 2019;8324;7;Manizzles
martes 30 abril 2019;7170;9;Manizzles
miércoles 24 abril 2019;6028;143;Manizzles
miércoles 17 abril 2019;473;110;Manizzles
miércoles 10 abril 2019;8552;186;Manizzles
miércoles 03 abril 2019;9162;183;Manizzles
miércoles 27 marzo 2019;8942;185;Manizzles
miércoles 20 marzo 2019;3243;143;Manizzles
miércoles 13 marzo 2019;9710;154;Manizzles
miércoles 06 marzo 2019;8461;59;Manizzles
miércoles 27 febrero 2019;1483;3;Manizzles
miércoles 20 febrero 2019;6185;40;Manizzles
miércoles 13 febrero 2019;6539;60;Manizzles
miércoles 06 febrero 2019;3271;106;Manizzles
miércoles 30 enero 2019;8298;76;Manizzles
miércoles 23 enero 2019;7902;133;Manizzles
miércoles 16 enero 2019;7644;12;Manizzles
miércoles 09 enero 2019;3546;148;Manizzles
miércoles 02 enero 2019;9698;162;Manizzles
miércoles 26 diciembre 2018;6380;16;Manizzles
miércoles 19 diciembre 2018;260;3;Manizzles
miércoles 12 diciembre 2018;3292;51;Manizzles
miércoles 05 diciembre 2018;8535;97;Manizzles
miércoles 28 noviembre 2018;2466;168;Manizzles
miércoles 21 noviembre 2018;7555;79;Manizzles
miércoles 14 noviembre 2018;2692;56;Manizzles
miércoles 07 noviembre 2018;592;127;Manizzles
miércoles 31 octubre 2018;4109;39;Manizzles
miércoles 24 octubre 2018;489;46;Manizzles
miércoles 17 octubre 2018;7262;150;Manizzles
jueves 29 octubre 2020;3512;2;Quindío
jueves 22 octubre 2020;7046;13;Quindío
jueves 15 octubre 2020;4078;18;Quindío
jueves 08 octubre 2020;5335;89;Quindío
jueves 01 octubre 2020;2082;31;Quindío
jueves 24 septiembre 2020;1573;4;Quindío
jueves 17 septiembre 2020;8717;47;Quindío
jueves 10 septiembre 2020;6333;3;Quindío
jueves 03 septiembre 2020;9044;115;Quindío
jueves 27 agosto 2020;7426;97;Quindío
jueves 20 agosto 2020;9423;56;Quindío
jueves 13 agosto 2020;145;92;Quindío
jueves 06 agosto 2020;6794;52;Quindío
jueves 30 julio 2020;5530;132;Quindío
jueves 23 julio 2020;6788;64;Quindío
jueves 16 julio 2020;3690;106;Quindío
jueves 09 julio 2020;3134;96;Quindío
jueves 02 julio 2020;8875;64;Quindío
jueves 25 junio 2020;499;37;Quindío
jueves 18 junio 2020;2722;109;Quindío
jueves 11 junio 2020;262;96;Quindío
jueves 04 junio 2020;2190;64;Quindío
jueves 28 mayo 2020;6628;124;Quindío
jueves 21 mayo 2020;3195;114;Quindío
jueves 14 mayo 2020;5704;26;Quindío
jueves 19 marzo 2020;5008;105;Quindío
jueves 12 marzo 2020;3275;17;Quindío
jueves 05 marzo 2020;8170;116;Quindío
jueves 27 febrero 2020;2667;114;Quindío
jueves 20 febrero 2020;3273;31;Quindío
jueves 13 febrero 2020;2395;34;Quindío
jueves 06 febrero 2020;2588;28;Quindío
jueves 30 enero 2020;6040;105;Quindío
jueves 23 enero 2020;218;20;Quindío
jueves 16 enero 2020;3441;37;Quindío
jueves 09 enero 2020;9011;138;Quindío
jueves 02 enero 2020;4662;126;Quindío
jueves 26 diciembre 2019;4122;34;Quindío
jueves 19 diciembre 2019;3815;26;Quindío
jueves 12 diciembre 2019;1365;130;Quindío
jueves 05 diciembre 2019;4764;85;Quindío
jueves 28 noviembre 2019;4453;42;Quindío
jueves 21 noviembre 2019;914;71;Quindío
jueves 14 noviembre 2019;8093;63;Quindío
jueves 07 noviembre 2019;1373;86;Quindío
jueves 31 octubre 2019;5089;42;Quindío
jueves 24 octubre 2019;3606;112;Quindío
jueves 17 octubre 2019;8649;7;Quindío
jueves 10 octubre 2019;7377;96;Quindío
jueves 03 octubre 2019;2363;92;Quindío
jueves 26 septiembre 2019;770;114;Quindío
jueves 19 septiembre 2019;6090;122;Quindío
jueves 12 septiembre 2019;9813;69;Quindío
jueves 05 septiembre 2019;1807;43;Quindío
jueves 29 agosto 2019;9248;104;Quindío
jueves 22 agosto 2019;6628;16;Quindío
jueves 15 agosto 2019;4467;26;Quindío
jueves 08 agosto 2019;6483;95;Quindío
jueves 01 agosto 2019;7423;120;Quindío
jueves 25 julio 2019;4734;54;Quindío
jueves 18 julio 2019;7747;46;Quindío
jueves 11 julio 2019;4259;63;Quindío
jueves 04 julio 2019;578;70;Quindío
jueves 27 junio 2019;9931;105;Quindío
jueves 20 junio 2019;5574;133;Quindío
jueves 13 junio 2019;4018;53;Quindío
jueves 06 junio 2019;4683;51;Quindío
jueves 30 mayo 2019;7939;113;Quindío
jueves 23 mayo 2019;926;66;Quindío
jueves 16 mayo 2019;3785;21;Quindío
jueves 09 mayo 2019;1846;90;Quindío
jueves 02 mayo 2019;4201;88;Quindío
jueves 25 abril 2019;1524;112;Quindío
martes 16 abril 2019;5416;81;Quindío
jueves 11 abril 2019;3221;51;Quindío
jueves 04 abril 2019;3093;135;Quindío
jueves 28 marzo 2019;8752;67;Quindío
jueves 21 marzo 2019;4920;81;Quindío
jueves 14 marzo 2019;6364;49;Quindío
jueves 07 marzo 2019;9001;68;Quindío
jueves 28 febrero 2019;6723;40;Quindío
jueves 21 febrero 2019;2321;86;Quindío
jueves 14 febrero 2019;734;4;Quindío
jueves 07 febrero 2019;8482;135;Quindío
jueves 31 enero 2019;3418;40;Quindío
jueves 24 enero 2019;8254;60;Quindío
jueves 17 enero 2019;1418;31;Quindío
jueves 10 enero 2019;9140;74;Quindío
jueves 03 enero 2019;2727;47;Quindío
jueves 27 diciembre 2018;7104;44;Quindío
jueves 20 diciembre 2018;686;8;Quindío
jueves 13 diciembre 2018;7977;86;Quindío
jueves 06 diciembre 2018;9411;39;Quindío
jueves 29 noviembre 2018;9411;43;Quindío
jueves 22 noviembre 2018;4290;26;Quindío
jueves 15 noviembre 2018;1072;79;Quindío
jueves 08 noviembre 2018;6593;123;Quindío
jueves 01 noviembre 2018;7308;58;Quindío
jueves 25 octubre 2018;5230;79;Quindío
jueves 18 octubre 2018;9742;6;Quindío
viernes 30 octubre 2020;547;169;Santander
viernes 23 octubre 2020;2904;249;Santander
viernes 16 octubre 2020;3483;270;Santander
viernes 09 octubre 2020;4455;189;Santander
viernes 02 octubre 2020;6728;329;Santander
viernes 25 septiembre 2020;8874;236;Santander
viernes 18 septiembre 2020;3402;160;Santander
viernes 11 septiembre 2020;6005;133;Santander
viernes 04 septiembre 2020;1192;140;Santander
viernes 28 agosto 2020;8268;50;Santander
viernes 21 agosto 2020;7787;148;Santander
viernes 14 agosto 2020;3510;157;Santander
sábado 08 agosto 2020;8564;105;Santander
viernes 31 julio 2020;9128;247;Santander
viernes 24 julio 2020;7538;37;Santander
viernes 17 julio 2020;8255;186;Santander
viernes 10 julio 2020;4687;297;Santander
viernes 03 julio 2020;3127;87;Santander
viernes 26 junio 2020;9191;145;Santander
viernes 19 junio 2020;9422;276;Santander
viernes 12 junio 2020;8912;56;Santander
viernes 05 junio 2020;1015;238;Santander
viernes 29 mayo 2020;4893;264;Santander
viernes 22 mayo 2020;9378;63;Santander
viernes 15 mayo 2020;5005;290;Santander
viernes 20 marzo 2020;3461;211;Santander
viernes 13 marzo 2020;1687;210;Santander
viernes 06 marzo 2020;6660;279;Santander
viernes 28 febrero 2020;8611;302;Santander
viernes 21 febrero 2020;344;268;Santander
viernes 14 febrero 2020;7971;181;Santander
viernes 07 febrero 2020;9686;54;Santander
viernes 31 enero 2020;6913;308;Santander
viernes 24 enero 2020;2850;229;Santander
viernes 17 enero 2020;6047;82;Santander
viernes 10 enero 2020;1331;256;Santander
viernes 03 enero 2020;9744;135;Santander
viernes 27 diciembre 2019;2762;86;Santander
viernes 20 diciembre 2019;7097;143;Santander
viernes 13 diciembre 2019;306;211;Santander
viernes 06 diciembre 2019;6450;208;Santander
viernes 29 noviembre 2019;4939;309;Santander
viernes 22 noviembre 2019;728;224;Santander
viernes 15 noviembre 2019;4347;34;Santander
viernes 08 noviembre 2019;8085;299;Santander
viernes 01 noviembre 2019;7515;66;Santander
viernes 25 octubre 2019;3188;194;Santander
viernes 18 octubre 2019;3262;137;Santander
viernes 11 octubre 2019;9140;47;Santander
viernes 04 octubre 2019;9157;171;Santander
viernes 27 septiembre 2019;6532;237;Santander
viernes 20 septiembre 2019;4258;93;Santander
viernes 13 septiembre 2019;6962;226;Santander
viernes 06 septiembre 2019;9032;76;Santander
viernes 30 agosto 2019;7899;100;Santander
viernes 23 agosto 2019;5714;32;Santander
viernes 16 agosto 2019;5678;55;Santander
viernes 09 agosto 2019;9418;216;Santander
viernes 02 agosto 2019;9040;245;Santander
viernes 26 julio 2019;8959;11;Santander
viernes 19 julio 2019;2538;22;Santander
viernes 12 julio 2019;9084;218;Santander
viernes 05 julio 2019;4691;108;Santander
viernes 28 junio 2019;3508;22;Santander
viernes 21 junio 2019;2072;211;Santander
viernes 14 junio 2019;3589;91;Santander
viernes 07 junio 2019;4022;139;Santander
viernes 31 mayo 2019;7581;320;Santander
viernes 24 mayo 2019;1392;113;Santander
viernes 17 mayo 2019;270;27;Santander
viernes 10 mayo 2019;4746;123;Santander
viernes 03 mayo 2019;5295;83;Santander
viernes 26 abril 2019;8860;234;Santander
sábado 20 abril 2019;4161;211;Santander
viernes 12 abril 2019;363;48;Santander
viernes 05 abril 2019;4429;317;Santander
viernes 29 marzo 2019;3440;52;Santander
viernes 22 marzo 2019;5877;332;Santander
viernes 15 marzo 2019;6535;203;Santander
viernes 08 marzo 2019;9456;239;Santander
viernes 01 marzo 2019;5391;225;Santander
viernes 22 febrero 2019;5390;173;Santander
viernes 15 febrero 2019;6409;338;Santander
viernes 08 febrero 2019;8927;226;Santander
viernes 01 febrero 2019;9016;8;Santander
viernes 25 enero 2019;2349;163;Santander
viernes 18 enero 2019;6860;311;Santander
viernes 11 enero 2019;1121;29;Santander
viernes 04 enero 2019;8068;278;Santander
viernes 28 diciembre 2018;3161;2;Santander
viernes 21 diciembre 2018;1328;215;Santander
viernes 14 diciembre 2018;2628;212;Santander
viernes 07 diciembre 2018;8626;276;Santander
viernes 30 noviembre 2018;1693;279;Santander
viernes 23 noviembre 2018;9490;138;Santander
viernes 16 noviembre 2018;8240;337;Santander
viernes 09 noviembre 2018;8543;300;Santander
viernes 02 noviembre 2018;2083;266;Santander
viernes 26 octubre 2018;798;66;Santander
viernes 19 octubre 2018;5212;256;Santander
viernes 30 octubre 2020;4869;80;Risaralda
viernes 23 octubre 2020;5154;51;Risaralda
viernes 16 octubre 2020;1890;85;Risaralda
viernes 09 octubre 2020;4489;121;Risaralda
viernes 02 octubre 2020;7694;28;Risaralda
viernes 25 septiembre 2020;4059;52;Risaralda
viernes 18 septiembre 2020;9070;105;Risaralda
viernes 11 septiembre 2020;3305;47;Risaralda
viernes 04 septiembre 2020;9252;1;Risaralda
viernes 28 agosto 2020;5093;78;Risaralda
viernes 21 agosto 2020;5963;3;Risaralda
viernes 14 agosto 2020;278;164;Risaralda
sábado 08 agosto 2020;2166;70;Risaralda
viernes 31 julio 2020;8424;112;Risaralda
viernes 24 julio 2020;6539;27;Risaralda
viernes 17 julio 2020;813;100;Risaralda
viernes 10 julio 2020;7211;10;Risaralda
viernes 03 julio 2020;3732;122;Risaralda
viernes 26 junio 2020;3219;98;Risaralda
viernes 19 junio 2020;8402;169;Risaralda
viernes 12 junio 2020;9075;91;Risaralda
viernes 05 junio 2020;5875;51;Risaralda
viernes 29 mayo 2020;8180;97;Risaralda
viernes 22 mayo 2020;252;105;Risaralda
viernes 15 mayo 2020;2532;70;Risaralda
viernes 20 marzo 2020;9641;120;Risaralda
viernes 13 marzo 2020;6441;135;Risaralda
viernes 06 marzo 2020;7376;67;Risaralda
viernes 28 febrero 2020;2781;108;Risaralda
viernes 21 febrero 2020;3796;75;Risaralda
viernes 14 febrero 2020;6173;72;Risaralda
viernes 07 febrero 2020;4065;89;Risaralda
viernes 31 enero 2020;2084;138;Risaralda
viernes 24 enero 2020;4014;69;Risaralda
viernes 17 enero 2020;8160;38;Risaralda
viernes 10 enero 2020;2055;134;Risaralda
viernes 03 enero 2020;5201;41;Risaralda
viernes 27 diciembre 2019;3210;160;Risaralda
viernes 20 diciembre 2019;6552;32;Risaralda
viernes 13 diciembre 2019;7632;105;Risaralda
viernes 06 diciembre 2019;3476;56;Risaralda
viernes 29 noviembre 2019;6974;45;Risaralda
viernes 22 noviembre 2019;7834;132;Risaralda
viernes 15 noviembre 2019;2081;56;Risaralda
viernes 08 noviembre 2019;9967;136;Risaralda
viernes 01 noviembre 2019;797;157;Risaralda
viernes 25 octubre 2019;4716;51;Risaralda
viernes 18 octubre 2019;3174;85;Risaralda
viernes 11 octubre 2019;1079;9;Risaralda
viernes 04 octubre 2019;9594;57;Risaralda
viernes 27 septiembre 2019;5616;95;Risaralda
viernes 20 septiembre 2019;7023;48;Risaralda
viernes 13 septiembre 2019;8005;71;Risaralda
viernes 06 septiembre 2019;4692;95;Risaralda
viernes 30 agosto 2019;2192;102;Risaralda
viernes 23 agosto 2019;515;128;Risaralda
viernes 16 agosto 2019;5539;127;Risaralda
viernes 09 agosto 2019;9125;0;Risaralda
viernes 02 agosto 2019;7573;160;Risaralda
viernes 26 julio 2019;8662;23;Risaralda
viernes 19 julio 2019;5278;58;Risaralda
viernes 12 julio 2019;6819;130;Risaralda
viernes 05 julio 2019;6254;46;Risaralda
viernes 28 junio 2019;7903;74;Risaralda
viernes 21 junio 2019;4523;145;Risaralda
viernes 14 junio 2019;3401;88;Risaralda
viernes 07 junio 2019;866;132;Risaralda
viernes 31 mayo 2019;4167;127;Risaralda
viernes 24 mayo 2019;3634;128;Risaralda
viernes 17 mayo 2019;7192;45;Risaralda
viernes 10 mayo 2019;5776;45;Risaralda
viernes 03 mayo 2019;773;113;Risaralda
viernes 26 abril 2019;371;150;Risaralda
sábado 20 abril 2019;8681;26;Risaralda
viernes 12 abril 2019;3005;3;Risaralda
viernes 05 abril 2019;5921;26;Risaralda
viernes 29 marzo 2019;4517;28;Risaralda
viernes 22 marzo 2019;4978;5;Risaralda
viernes 15 marzo 2019;6411;161;Risaralda
viernes 08 marzo 2019;1059;103;Risaralda
viernes 01 marzo 2019;7292;129;Risaralda
viernes 22 febrero 2019;3647;15;Risaralda
viernes 15 febrero 2019;5048;25;Risaralda
viernes 08 febrero 2019;7526;34;Risaralda
viernes 01 febrero 2019;543;139;Risaralda
viernes 25 enero 2019;370;92;Risaralda
viernes 18 enero 2019;2179;137;Risaralda
viernes 11 enero 2019;7999;117;Risaralda
viernes 04 enero 2019;1315;120;Risaralda
viernes 28 diciembre 2018;6197;35;Risaralda
viernes 21 diciembre 2018;8343;121;Risaralda
viernes 14 diciembre 2018;1771;53;Risaralda
viernes 07 diciembre 2018;404;110;Risaralda
viernes 30 noviembre 2018;6056;107;Risaralda
viernes 23 noviembre 2018;4356;45;Risaralda
viernes 16 noviembre 2018;2727;111;Risaralda
viernes 09 noviembre 2018;477;72;Risaralda
viernes 02 noviembre 2018;7349;148;Risaralda
viernes 26 octubre 2018;6035;44;Risaralda
viernes 19 octubre 2018;6086;78;Risaralda
sábado 31 octubre 2020;5421;122;Cauca
sábado 24 octubre 2020;1411;136;Cauca
sábado 17 octubre 2020;6176;187;Cauca
sábado 10 octubre 2020;4673;0;Cauca
sábado 03 octubre 2020;5183;1600;Cauca
sábado 26 septiembre 2020;8353;99;Cauca
sábado 19 septiembre 2020;9320;128;Cauca
sábado 12 septiembre 2020;7052;135;Cauca
sábado 05 septiembre 2020;3575;17;Cauca
sábado 29 agosto 2020;8944;88;Cauca
sábado 22 agosto 2020;8522;41;Cauca
sábado 15 agosto 2020;3007;180;Cauca
sábado 08 agosto 2020;8841;113;Cauca
sábado 01 agosto 2020;321;9;Cauca
sábado 25 julio 2020;4172;53;Cauca
sábado 18 julio 2020;8313;173;Cauca
sábado 11 julio 2020;312;148;Cauca
sábado 04 julio 2020;6273;31;Cauca
sábado 27 junio 2020;2415;45;Cauca
sábado 20 junio 2020;1865;5;Cauca
sábado 13 junio 2020;9409;54;Cauca
sábado 06 junio 2020;8762;47;Cauca
sábado 30 mayo 2020;35;143;Cauca
sábado 23 mayo 2020;1407;130;Cauca
sábado 16 mayo 2020;9659;189;Cauca
sábado 21 marzo 2020;5016;150;Cauca
sábado 14 marzo 2020;1570;29;Cauca
sábado 07 marzo 2020;2517;132;Cauca
sábado 29 febrero 2020;3079;105;Cauca
sábado 22 febrero 2020;8440;36;Cauca
sábado 15 febrero 2020;6796;112;Cauca
sábado 08 febrero 2020;8263;139;Cauca
sábado 01 febrero 2020;2013;173;Cauca
sábado 25 enero 2020;9738;127;Cauca
sábado 18 enero 2020;7823;129;Cauca
sábado 11 enero 2020;4211;18;Cauca
sábado 04 enero 2020;4520;187;Cauca
sábado 28 diciembre 2019;8811;72;Cauca
sábado 21 diciembre 2019;4626;147;Cauca
sábado 14 diciembre 2019;6608;113;Cauca
sábado 07 diciembre 2019;9016;17;Cauca
sábado 30 noviembre 2019;183;21;Cauca
sábado 23 noviembre 2019;2127;130;Cauca
sábado 16 noviembre 2019;7949;62;Cauca
sábado 09 noviembre 2019;1268;119;Cauca
sábado 02 noviembre 2019;2576;108;Cauca
sábado 26 octubre 2019;3059;60;Cauca
sábado 19 octubre 2019;9547;109;Cauca
sábado 12 octubre 2019;5927;54;Cauca
sábado 05 octubre 2019;7839;151;Cauca
sábado 28 septiembre 2019;4571;78;Cauca
sábado 21 septiembre 2019;2814;119;Cauca
sábado 14 septiembre 2019;8955;100;Cauca
sábado 07 septiembre 2019;6152;14;Cauca
sábado 31 agosto 2019;2756;72;Cauca
sábado 24 agosto 2019;9302;61;Cauca
sábado 17 agosto 2019;9979;132;Cauca
sábado 10 agosto 2019;8377;80;Cauca
sábado 03 agosto 2019;8329;175;Cauca
sábado 27 julio 2019;2032;61;Cauca
sábado 20 julio 2019;6419;35;Cauca
sábado 13 julio 2019;8644;78;Cauca
sábado 06 julio 2019;883;158;Cauca
sábado 29 junio 2019;9940;33;Cauca
sábado 22 junio 2019;5254;88;Cauca
sábado 15 junio 2019;1457;111;Cauca
sábado 08 junio 2019;1283;14;Cauca
sábado 01 junio 2019;2580;78;Cauca
sábado 25 mayo 2019;1066;14;Cauca
sábado 18 mayo 2019;9736;79;Cauca
sábado 11 mayo 2019;8026;56;Cauca
sábado 04 mayo 2019;7107;61;Cauca
sábado 27 abril 2019;7156;20;Cauca
sábado 20 abril 2019;910;34;Cauca
sábado 13 abril 2019;9249;171;Cauca
sábado 06 abril 2019;1589;33;Cauca
sábado 30 marzo 2019;2200;151;Cauca
sábado 23 marzo 2019;1651;120;Cauca
sábado 16 marzo 2019;3359;121;Cauca
sábado 09 marzo 2019;8383;86;Cauca
sábado 02 marzo 2019;3802;67;Cauca
sábado 23 febrero 2019;6966;24;Cauca
sábado 16 febrero 2019;7416;128;Cauca
sábado 09 febrero 2019;7667;169;Cauca
sábado 02 febrero 2019;8236;151;Cauca
sábado 26 enero 2019;8298;127;Cauca
sábado 19 enero 2019;8382;47;Cauca
sábado 12 enero 2019;6733;170;Cauca
sábado 05 enero 2019;6008;32;Cauca
sábado 29 diciembre 2018;3787;74;Cauca
sábado 22 diciembre 2018;8668;140;Cauca
sábado 15 diciembre 2018;9857;45;Cauca
martes 04 diciembre 2018;3656;109;Cauca
sábado 01 diciembre 2018;6886;85;Cauca
sábado 24 noviembre 2018;6945;43;Cauca
sábado 17 noviembre 2018;8292;104;Cauca
sábado 10 noviembre 2018;6625;3;Cauca
sábado 03 noviembre 2018;6350;69;Cauca
sábado 27 octubre 2018;698;141;Cauca
sábado 20 octubre 2018;121;112;Cauca
